object;type;choice_en;choice_fr;choice_de;choice_es;choice_nl;choice_cz
DTinformations;DTinfo_col_names;Scientific name;Nom scientifique;Wissenschaftlicher Name;Nombre científico;Wetenschappelijke naam;Vědecký název
DTinformations;DTinfo_col_legislative;Legislation;Législation;Gesetzgebung;Legislación;Wetgeving;Legislativa
DTinformations;DTinfo_col_information;Information;Information;Information;Información;Informatie;Informace
Site_box;Site_box_title;Your site;Votre emplacement;Ihr Standort;Tu ubicación;Jouw locatie;Vaše stanoviště
Objective_box;Objective_box_title;Your Objectives;Vos objectifs;Ihre Ziele;Sus objetivos;Uw doelstellingen;Vaše cíle
Compere!;Compare_trees_button;Compare Trees;Comparer les Arbres;Bäume vergleichen;Comparar Árboles;Bomen vergelijken;Porovnat stromy
Graph;Graph_legend;Main Criteria;Critères Principaux;Hauptkriterien;Criterios Principales;Belangrijkste Criteria;Hlavní Kritéria
Graph;Graph_label;Adaptation;Adaptation;Anpassung;Adaptación;Aanpassing;Adaptace
Graph;Graph_label;Efficiency;Efficacité;Effizienz;Eficiencia;Efficiëntie;Efektivita
Graph;Graph_y_label;Species;Species;Spezies;Especies;Soorten;Druh
DFinfo_headline;Scientific_name;scientific name;nom scientifique;Wissenschaftlicher Name;nombre científico;wetenschappelijke naam;vědecký název
DFinfo_headline;legislation;legislation;législation;Gesetzgebung;legislación;wetgeving;legislativa
DFinfo_headline;information;information;information;Information;información;informatie;informace
DFinfo_headline;wood;wood;bois;Holz;madera;hout;dřevo
DFinfo_headline;food;food;nourriture;Lebensmittel;comida;voedsel;jídlo
DFinfo_headline;Usage;Usage;Utilisation en AFS;Verwendung in AFS;Uso en AFS;Gebruik in AFS;Použití v agrolesnictví
Help_info;Close_button;Close;Fermer;Schließen;Cerrar;Sluiten;Zavřít
Help_info;Main_header;Detailed information about filters;Informations détaillées sur les filtres;Detaillierte Informationen zu den Filtern;Información detallada sobre los filtros;Gedetailleerde informatie over de filters;Podrobné informace o filtrech
Help_info;Info_button;Information;Information;Information;Información;Informatie;Informace
DFinfo_content;"Productive fruit tree (peaches, bee forage, smoke wood) suitable for a wide range of sites for both silvopasture and silvo-plough ALS, depending on the variety.";"Productive fruit tree (peaches, bee forage, smoke wood) suitable for a wide range of sites for both silvopasture and silvo-plough ALS, depending on the variety.";"Arbre fruitier productif (pêches, nourriture pour les abeilles, bois de fumée) adapté à une large gamme de sites pour la sylvopastoralisme et le labour sylvicole ALS, selon la variété.";"Produktiver Obstbaum (Pfirsiche, Bienenweide, Rauchholz) geeignet für eine Vielzahl von Standorten für sowohl Silvopastoralismus als auch Silvo-Pflug ALS, je nach Sorte.";"Árbol frutal productivo (duraznos, forraje para abejas, madera para humo) adecuado para una amplia gama de sitios para ambos sistemas silvopastoriles y silvopastoriles ALS, dependiendo de la variedad.";"Productieve fruitboom (perziken, bijenvoer, rookhout) geschikt voor een breed scala aan locaties voor zowel silvopastoraal als silvo-ploegen ALS, afhankelijk van de variëteit.";"Produktivní ovocný strom (broskve, potrava pro včely, kouřové dřevo) vhodný pro širokou škálu lokalit pro oba systémy lesní pastvy a lesní orby ALS, v závislosti na odrůdě."
DFinfo_content;"Main production coniferous forest tree for a wide range of shade and crops, usually tolerates drier habitats, rocky, dry soils.";"Main production coniferous forest tree for a wide range of shade and crops, usually tolerates drier habitats, rocky, dry soils.";"Principal arbre forestier conifère de production pour une large gamme d ombre et de cultures, tolère généralement les habitats plus secs, les sols rocheux et secs.";"Hauptproduktions-Nadelbaum für eine Vielzahl von Schatten und Kulturen, toleriert normalerweise trockenere Lebensräume, felsige, trockene Böden.";"Principal árbol forestal de coníferas de producción para una amplia gama de sombra y cultivos, generalmente tolera hábitats más secos, suelos rocosos y secos.";"Belangrijkste productie naaldboom voor een breed scala aan schaduw en gewassen, meestal tolerante drogere habitats, rotsachtige, droge bodems.";"Hlavní produkční jehličnatý lesní strom pro širokou škálu stínů a plodin, obvykle snáší suché habitaty, skalnaté, suché půdy."
DFinfo_content;"Productive fruit tree (peaches, bee forage, smoke wood) suitable for a wide range of sites for both silvopasture and silvo-plough ALS, depending on the variety.";"Productive fruit tree (peaches, bee forage, smoke wood) suitable for a wide range of sites for both silvopasture and silvo-plough ALS, depending on the variety.";"Arbre fruitier productif (pêches, nourriture pour les abeilles, bois de fumée) adapté à une large gamme de sites pour la sylvopastoralisme et le labour sylvicole ALS, selon la variété.";"Produktiver Obstbaum (Pfirsiche, Bienenweide, Rauchholz) geeignet für eine Vielzahl von Standorten für sowohl Silvopastoralismus als auch Silvo-Pflug ALS, je nach Sorte.";"Árbol frutal productivo (duraznos, forraje para abejas, madera para humo) adecuado para una amplia gama de sitios para ambos sistemas silvopastoriles y silvopastoriles ALS, dependiendo de la variedad.";"Productieve fruitboom (perziken, bijenvoer, rookhout) geschikt voor een breed scala aan locaties voor zowel silvopastoraal als silvo-ploegen ALS, afhankelijk van de variëteit.";"Produktivní ovocný strom (broskve, potrava pro včely, kouřové dřevo) vhodný pro širokou škálu lokalit pro oba systémy lesní pastvy a lesní orby ALS, v závislosti na odrůdě."
DFinfo_content;"Productive rather short-statured forest tree (firewood, furniture and tools) for a wide range of habitats, exceptionally can also be grown for coppicing.";"Productive rather short-statured forest tree (firewood, furniture and tools) for a wide range of habitats, exceptionally can also be grown for coppicing.";"Arbre forestier productif de taille plutôt courte (bois de chauffage, meubles et outils) pour une large gamme d'habitats, exceptionnellement peut également être cultivé pour le taillis.";"Produktiver eher kurzstämmiger Waldbaum (Brennholz, Möbel und Werkzeuge) für eine Vielzahl von Lebensräumen, kann auch für die Niederwaldwirtschaft angebaut werden.";"Árbol forestal productivo de estatura bastante corta (leña, muebles y herramientas) para una amplia gama de hábitats, excepcionalmente también puede ser cultivado para la poda.";"Productieve, nogal kortstammige bosboom (brandhout, meubels en gereedschap) voor een breed scala aan habitats, kan ook uitzonderlijk worden gekweekt voor hakhout.";"Produktivní spíše nízký lesní strom (palivové dřevo, nábytek a nástroje) pro širokou škálu stanovišť, výjimečně může být pěstován i pro nízký les."
DFinfo_content;"Main production forest tree of upland to montane areas suitable for silvopastoral ALS (boxwoods). However, it requires protection against biting and rather moderate shading (of other trees) when young, can also be grown in coppice.";"Main production forest tree of upland to montane areas suitable for silvopastoral ALS (boxwoods). However, it requires protection against biting and rather moderate shading (of other trees) when young, can also be grown in coppice.";"Principal arbre forestier de production des zones de montagne à montagne adapté à la sylvopastoralisme ALS (buis). Cependant, il nécessite une protection contre le broutage et une ombre plutôt modérée (d'autres arbres) lorsqu'il est jeune, peut également être cultivé en taillis.";"Hauptproduktions-Nadelbaum für Berg- bis Berggebiete, geeignet für Silvopastoralismus ALS (Buchsbaum). Es erfordert jedoch Schutz vor Biss und eher mäßigen Schatten (anderer Bäume), wenn es jung ist, kann auch im Niederwald angebaut werden.";"Principal árbol forestal de producción de zonas de montaña a montaña adecuado para ALS silvopastoral (boj). Sin embargo, requiere protección contra el mordisqueo y sombra moderada (de otros árboles) cuando es joven, también puede ser cultivado en taillis.";"Belangrijkste productiebosboom van hoogland tot berggebieden geschikt voor silvopastorale ALS (buxus). Het vereist echter bescherming tegen bijten en vrij matige schaduw (van andere bomen) wanneer jong, kan ook worden gekweekt in hakhout.";"Hlavní produkční lesní strom od horských oblastí po horské oblasti vhodný pro lesní pastviny ALS (bukovce). Vyžaduje však ochranu proti kousání a spíše střední stínění (jiných stromů) v mládí, může být pěstován i v nízkém lese."
DFinfo_content;"Production forest tree for our warmer regions, with the progression of climate change it can be expected to expand its application to other regions.";"Production forest tree for our warmer regions, with the progression of climate change it can be expected to expand its application to other regions.";"Arbre forestier de production pour nos régions plus chaudes, avec l'avancée du changement climatique, on peut s'attendre à ce qu'il étende son application à d'autres régions.";"Produktionswaldbaum für unsere wärmeren Regionen, mit dem Fortschreiten des Klimawandels kann erwartet werden, dass er seine Anwendung auf andere Regionen ausdehnt.";"Árbol forestal de producción para nuestras regiones más cálidas, con la progresión del cambio climático se puede esperar que amplíe su aplicación a otras regiones.";"Productiebosboom voor onze warmere regio's, met de voortgang van de klimaatverandering kan worden verwacht dat hij zijn toepassing zal uitbreiden naar andere regio's.";"Produkční lesní strom pro naše teplejší oblasti, s postupem klimatické změny lze očekávat, že rozšíří své použití i do jiných oblastí."
DFinfo_content;"Important production forest tree for our warmer regions, with climate change it can be expected to expand its application to other regions.";"Important production forest tree for our warmer regions, with climate change it can be expected to expand its application to other regions.";"Arbre forestier de production important pour nos régions plus chaudes, avec le changement climatique, on peut s'attendre à ce qu'il étende son application à d'autres régions.";"Wichtiger Produktionswaldbaum für unsere wärmeren Regionen, mit dem Klimawandel kann erwartet werden, dass er seine Anwendung auf andere Regionen ausdehnt.";"Árbol forestal de producción importante para nuestras regiones más cálidas, con el cambio climático se puede esperar que amplíe su aplicación a otras regiones.";"Belangrijke productiebosboom voor onze warmere regio's, met de klimaatverandering kan worden verwacht dat hij zijn toepassing zal uitbreiden naar andere regio's.";"Důležitý produkční lesní strom pro naše teplejší oblasti, s klimatickou změnou lze očekávat, že rozšíří své použití i do jiných oblastí."
DFinfo_content;"Functional, complementary tree species for warm and arid habitats on rich soils.";"Functional, complementary tree species for warm and arid habitats on rich soils.";"Espèces d'arbres fonctionnels et complémentaires pour les habitats chauds et arides sur des sols riches.";"Funktionale, ergänzende Baumarten für warme und trockene Lebensräume auf reichen Böden.";"Especies de árboles funcionales y complementarias para hábitats cálidos y áridos en suelos ricos.";"Functionele, complementaire boomsoorten voor warme en droge habitats op rijke bodems.";"Funkční, doplňkové druhy stromů pro teplé a suché habitaty na bohatých půdách."
DFinfo_content;"Main production forest tree from lowlands to uplands suitable for silvopasture ALS (acorns), but also for silvopasture systems. However, it requires good protection against biting when young, can also be grown in coppice.";"Main production forest tree from lowlands to uplands suitable for silvopasture ALS (acorns), but also for silvopasture systems. However, it requires good protection against biting when young, can also be grown in coppice.";"Arbre forestier de production principal des plaines aux montagnes adapté à la sylvopastoralisme ALS (glands), mais aussi aux systèmes de sylvopastoralisme. Cependant, il nécessite une bonne protection contre le broutage lorsqu'il est jeune, peut également être cultivé en taillis.";"Hauptproduktions-Nadelbaum von den Niederungen bis zu den Berggebieten, geeignet für Silvopastoralismus ALS (Eicheln), aber auch für Silvopastoralismus-Systeme. Es erfordert jedoch einen guten Schutz vor Biss, wenn es jung ist, kann auch im Niederwald angebaut werden.";"Principal árbol forestal de producción de tierras bajas a montañas adecuado para ALS de sylvopastoral (bellotas), pero también para sistemas de sylvopastoral. Sin embargo, requiere una buena protección contra el mordisqueo cuando es joven, también puede ser cultivado en taillis.";"Belangrijkste productiebosboom van la laaglanden tot de hooglanden geschikt voor silvopastorale ALS (eikels), maar ook voor silvopastorale systemen. Het vereist echter goede bescherming tegen bijten wanneer jong, kan ook worden gekweekt in hakhout.";"Hlavní produkční lesní strom od nížin po horské oblasti vhodný pro lesní pastviny ALS (žaludy), ale také pro lesní pastviny. Vyžaduje však dobrou ochranu proti kousání v mládí, může být pěstován i v nízkém lese."
DFinfo_content;"Production forest tree of lower elevations to uplands suitable for silvopastoral ALS (acorns), but also for silvo-ornamental systems. However, it requires good protection against biting when young, can also be grown in coppice.";"Production forest tree of lower elevations to uplands suitable for silvopastoral ALS (acorns), but also for silvo-ornamental systems. However, it requires good protection against biting when young, can also be grown in coppice.";"Arbre forestier de production des basses terres aux montagnes adapté à la sylvopastoralisme ALS (glands), mais aussi aux systèmes silvo-ornementaux. Cependant, il nécessite une bonne protection contre le broutage lorsqu'il est jeune, peut également être cultivé en taillis.";"Produktionswaldbaum von niedrigeren Lagen bis zu Berggebieten, geeignet für Silvopastoralismus ALS (Eicheln), aber auch für silvo-ornamentale Systeme. Es erfordert jedoch einen guten Schutz vor Biss, wenn es jung ist, kann auch im Niederwald angebaut werden.";"Árbol forestal de producción de altitudes más bajas a montañas adecuado para ALS silvopastoral (bellotas), pero también para sistemas silvo-ornamentales. Sin embargo, requiere una buena protección contra el mordisqueo cuando es joven, también puede ser cultivado en taillis.";"Productiebosboom van lagere tot hogere gebieden geschikt voor silvopastorale ALS (eikels), maar ook voor silvo-sierlijke systemen. Het vereist echter goede bescherming tegen bijten wanneer jong, kan ook worden gekweekt in hakhout.";"Produkční lesní strom od nižších poloh po horské oblasti vhodný pro lesní pastviny ALS (žaludy), ale také pro lesní ozdobné systémy. Vyžaduje však dobrou ochranu proti kousání v mládí, může být pěstován i v nízkém lese."
DFinfo_content;"Functional, complementary tree species for warm and arid habitats on rich soils.";"Functional, complementary tree species for warm and arid habitats on rich soils.";"Espèces d'arbres fonctionnels et complémentaires pour les habitats chauds et arides sur des sols riches.";"Funktionale, ergänzende Baumarten für warme und trockene Lebensräume auf reichen Böden.";"Especies de árboles funcionales y complementarias para hábitats cálidos y áridos en suelos ricos.";"Functionele, complementaire boomsoorten voor warme en droge habitats op rijke bodems.";"Funkční, doplňkové druhy stromů pro teplé a suché habitaty na bohatých půdách."
DFinfo_content;"Main production forest tree of upland to montane areas suitable for silvopastoral ALS (acorns), but also for silvo-ornamental systems. However, it requires good protection against biting when young, can also be grown in coppice.";"Main production forest tree of upland to montane areas suitable for silvopastoral ALS (acorns), but also for silvo-ornamental systems. However, it requires good protection against biting when young, can also be grown in coppice.";"Principal arbre forestier de production des zones de montagne à montagne adapté à la sylvopastoralisme ALS (glands), mais aussi aux systèmes silvo-ornementaux. Cependant, il nécessite une bonne protection contre le broutage lorsqu'il est jeune, peut également être cultivé en taillis.";"Hauptproduktions-Nadelbaum für Berg- bis Berggebiete, geeignet für Silvopastoralismus ALS (Eicheln), aber auch für silvo-ornamentale Systeme. Es erfordert jedoch einen guten Schutz vor Biss, wenn es jung ist, kann auch im Niederwald angebaut werden.";"Principal árbol forestal de producción de zonas de montaña a montaña adecuado para ALS silvopastoral (bellotas), pero también para sistemas silvo-ornamentales. Sin embargo, requiere una buena protección contra el mordisqueo cuando es joven, también puede ser cultivado en taillis.";"Belangrijkste productiebosboom van hoogland tot berggebieden geschikt voor silvopastorale ALS (buxus), maar ook voor silvo-sierlijke systemen. Het vereist echter goede bescherming tegen bijten wanneer jong, kan ook worden gekweekt in hakhout.";"Hlavní produkční lesní strom od horských oblastí po horské oblasti vhodný pro lesní pastviny ALS (bukovce), ale také pro lesní ozdobné systémy. Vyžaduje však dobrou ochranu proti kousání v mládí, může být pěstován i v nízkém lese."
DFinfo_content;"Production forest tree of lower elevations to uplands suitable for silvopasture ALS (acorns), but also for silvo-ornamental systems. However, it requires good protection against biting when young, can also be grown in coppice.";"Production forest tree of lower elevations to uplands suitable for silvopasture ALS (acorns), but also for silvo-ornamental systems. However, it requires good protection against biting when young, can also be grown in coppice.";"Arbre forestier de production des basses terres aux montagnes adapté à la sylvopastoralisme ALS (glands), mais aussi aux systèmes silvo-ornementaux. Cependant, il nécessite une bonne protection contre le broutage lorsqu'il est jeune, peut également être cultivé en taillis.";"Produktionswaldbaum von niedrigeren Lagen bis zu Berggebieten, geeignet für Silvopastoralismus ALS (Eicheln), aber auch für silvo-ornamentale Systeme. Es erfordert jedoch einen guten Schutz vor Biss, wenn es jung ist, kann auch im Niederwald angebaut werden.";"Árbol forestal de producción de altitudes más bajas a montañas adecuado para ALS silvopastoral (bellotas), pero también para sistemas silvo-ornamentales. Sin embargo, requiere una buena protección contra el mordisqueo cuando es joven, también puede ser cultivado en taillis.";"Productiebosboom van lagere tot hogere gebieden geschikt voor silvopastorale ALS (eikels), maar ook voor silvo-sierlijke systemen. Het vereist echter goede bescherming tegen bijten wanneer jong, kan ook worden gekweekt in hakhout.";"Produkční lesní strom od nižších poloh po horské oblasti vhodný pro lesní pastviny ALS (žaludy), ale také pro lesní ozdobné systémy. Vyžaduje však dobrou ochranu proti kousání v mládí, může být pěstován i v nízkém lese."
DFinfo_content;"Mainly functional tree (non-productive) suitable also for drier habitats (cannot tolerate humidity), can also be grown as a coppice for fuel and as a hedge.";"Mainly functional tree (non-productive) suitable also for drier habitats (cannot tolerate humidity), can also be grown as a coppice for fuel and as a hedge.";"Arbre principalement fonctionnel (non productif) adapté également aux habitats plus secs (ne peut pas tolérer l'humidité), peut également être cultivé en taillis pour le combustible et comme haie.";"Hauptsächlich funktionaler Baum (nicht produktiv), der auch für trockenere Lebensräume geeignet ist (kann keine Feuchtigkeit vertragen), kann auch als Niederwald für Brennstoff und als Hecke angebaut werden.";"Principalmente árbol funcional (no productivo) también adecuado para hábitats más secos (no puede tolerar la humedad), también puede ser cultivado como un taillis para combustible y como seto.";"Voornamelijk functionele boom (niet-productief) ook geschikt voor drogere habitats (kan geen vocht verdragen), kan ook worden gekweekt als hakhout voor brandstof en als heg.";"Hlavně funkční strom (neproduktivní) vhodný také pro suché habitaty (nemůže snášet vlhkost), může být pěstován i jako nízký les pro palivo a jako živý plot."
DFinfo_content;"Traditional flowering fruit tree (pears, bee forage, wood for musical instruments, carving, smoking), depending on the variety on a wide range of sites for silvopasture and silvo-plough ALS.";"Traditional flowering fruit tree (pears, bee forage, wood for musical instruments, carving, smoking), depending on the variety on a wide range of sites for silvopasture and silvo-plough ALS.";"Arbre fruitier à fleurs traditionnel (poires, nourriture pour les abeilles, bois pour instruments de musique, sculpture, fumage), selon la variété sur une large gamme de sites pour la sylvopastoralisme et le labour sylvicole ALS.";"Traditioneller blühender Obstbaum (Birnen, Bienenweide, Holz für Musikinstrumente, Schnitzen, Rauchen), je nach Sorte auf einer Vielzahl von Standorten für Silvopastoralismus und Silvo-Pflug ALS.";"Árbol frutal tradicional en flor (peras, forraje para abejas, madera para instrumentos musicales, tallado, ahumado), dependiendo de la variedad en una amplia gama de sitios para silvopastoral y silvo-labranza ALS.";"Traditionele bloeiende fruitboom (peren, bijenvoer, hout voor muziekinstrumenten, snijwerk, roken), afhankelijk van de variëteit op een breed scala van locaties voor silvopastoraal en silvo-ploegen ALS.";"Tradiční kvetoucí ovocný strom (hrušky, potrava pro včely, dřevo pro hudební nástroje, řezbářství, kouření), v závislosti na odrůdě na široké škále lokalit pro lesní pastviny a lesní orbu ALS."
DFinfo_content;"Rather complementary fruit tree ALS for a wide range of habitats including drier ones.";"Rather complementary fruit tree ALS for a wide range of habitats including drier ones.";"Arbre fruitier ALS plutôt complémentaire pour une large gamme d'habitats, y compris les plus secs.";"Eher ergänzender Obstbaum ALS für eine Vielzahl von Lebensräumen, einschließlich trockenerer.";"Árbol frutal ALS más bien complementario para una amplia gama de hábitats, incluidos los más secos.";"Eerder complementaire fruitboom ALS voor een breed scala aan habitats, waaronder drogere.";"Spíše doplňkový ovocný strom ALS pro širokou škálu stanovišť včetně suchých."
DFinfo_content;"Rather complementary ALS fruit tree for warmer areas and drier habitats, resistant to pear pests and diseases.";"Rather complementary ALS fruit tree for warmer areas and drier habitats, resistant to pear pests and diseases.";"Arbre fruitier ALS plutôt complémentaire pour les régions plus chaudes et les habitats plus secs, résistant aux ravageurs et maladies de la poire.";"Eher ergänzender Obstbaum ALS für wärmere Gebiete und trockenere Lebensräume, widerstandsfähig gegen Birnenschädlinge und -krankheiten.";"Árbol frutal ALS más bien complementario para áreas más cálidas y hábitats más secos, resistente a las plagas y enfermedades de la pera.";"Eerder complementaire ALS fruitboom voor warmere gebieden en drogere habitats, bestand tegen perenplagen en -ziekten.";"Spíše doplňkový ovocný strom ALS pro teplejší oblasti a suchá stanoviště, odolný proti škůdcům a chorobám hrušek."
DFinfo_content;"Traditional flowering fruit tree (apples, bee grazing, wood for smoking) suitable, depending on variety, on a wide range of sites for both silvopastoral and silvo-herbaceous ALS.";"Traditional flowering fruit tree (apples, bee grazing, wood for smoking) suitable, depending on variety, on a wide range of sites for both silvopastoral and silvo-herbaceous ALS.";"Arbre fruitier à fleurs traditionnel (pommes, pâturage des abeilles, bois pour fumer) adapté, selon la variété, à une large gamme de sites pour la sylvopastoralisme et le labour sylvicole ALS.";"Traditioneller blühender Obstbaum (Äpfel, Bienenweide, Holz zum Räuchern) geeignet, je nach Sorte, für eine Vielzahl von Standorten für sowohl Silvopastoralismus als auch Silvo-Kräuter ALS.";"Árbol frutal en flor tradicional (manzanas, pastoreo de abejas, madera para fumar) adecuado, dependiendo de la variedad, en una amplia gama de sitios para ambos sistemas silvopastoriles y silvo-herbáceos ALS.";"Traditionele bloeiende fruitboom (appels, bijenweide, hout voor roken) geschikt, afhankelijk van de variëteit, op een breed scala van locaties voor zowel silvopastorale als silvo-kruidachtige ALS.";"Tradiční kvetoucí ovocný strom (jablka, pastva včel, dřevo kouření) vhodný, v závislosti na odrůdě, na široké škále lokalit pro oba systémy lesní pastvy a lesní byliny ALS."
DFinfo_content;"Functional (endangered) tree species for a wide range of habitats, especially richer soils in warmer areas.";"Functional (endangered) tree species for a wide range of habitats, especially richer soils in warmer areas.";"Espèces d'arbres fonctionnels (en danger) pour une large gamme d'habitats, en particulier les sols plus riches dans les régions plus chaudes.";"Funktionale (gefährdete) Baumarten für eine Vielzahl von Lebensräumen, insbesondere reichere Böden in wärmeren Gebieten.";"Especies de árboles funcionales (en peligro) para una amplia gama de hábitats, especialmente suelos más ricos en áreas más cálidas.";"Functionele (bedreigde) boomsoorten voor een breed scala aan habitats, vooral rijkere bodems in warmere gebieden.";"Funkční (ohrožené) druhy stromů pro širokou škálu stanovišť, zejména bohatší půdy v teplejších oblastech."
DFinfo_content;"Productive tree on wet to waterlogged sites (hardwood meadow), late growing with a thinner crown and therefore suitable for silvo-wood systems.";"Productive tree on wet to waterlogged sites (hardwood meadow), late growing with a thinner crown and therefore suitable for silvo-wood systems.";"Arbre productif sur des sites humides à engorgés (prairie de feuillus), croissance tardive avec une couronne plus mince et donc adapté aux systèmes sylvicoles.";"Produktiver Baum auf nassen bis wassergesättigten Standorten (Laubwiese), spätes Wachstum mit dünnerer Krone und daher geeignet für Silvoholzsysteme.";"Árbol productivo en sitios húmedos a encharcados (pradera de madera dura), crecimiento tardío con una corona más delgada y, por lo tanto, adecuado para sistemas silvícolas.";"Productieve boom op natte tot waterverzadigde plaatsen (hardhoutweide), laat groeiend met een dunnere kroon en daarom geschikt voor silvohoutsystemen.";"Produktivní strom na mokrých a zaplavených místech (tvrdý louka), pozdní růst s tenčí korunou a proto vhodný pro lesní dřevo."
DFinfo_content;"Functional, complementary tree species for warm and arid habitats.";"Functional, complementary tree species for warm and arid habitats.";"Espèces d'arbres fonctionnels et complémentaires pour les habitats chauds et arides.";"Funktionale, ergänzende Baumarten für warme und trockene Lebensräume.";"Especies de árboles funcionales y complementarias para hábitats cálidos y áridos.";"Functionele, complementaire boomsoorten voor warme en droge habitats.";"Funkční, doplňkové druhy stromů pro teplé a suché habitaty."
DFinfo_content;"A productive tree in a wide range of habitats, especially wetter ones, late growing with a thinner crown and therefore suitable for silvo-ornamental systems, can also be grown as a coppice.";"A productive tree in a wide range of habitats, especially wetter ones, late growing with a thinner crown and therefore suitable for silvo-ornamental systems, can also be grown as a coppice.";"Un arbre productif dans une large gamme d'habitats, en particulier les plus humides, à croissance tardive avec une couronne plus mince et donc adapté aux systèmes silvo-ornementaux, peut également être cultivé en taillis.";"Ein produktiver Baum in einer Vielzahl von Lebensräumen, insbesondere feuchteren, spätes Wachstum mit dünnerer Krone und daher geeignet für silvo-ornamentale Systeme, kann auch als Niederwald angebaut werden.";"Un árbol productivo en una amplia gama de hábitats, especialmente los más húmedos, de crecimiento tardío con una corona más delgada y, por lo tanto, adecuado para sistemas silvo-ornamentales, también puede ser cultivado en taillis.";"Een productieve boom in een breed scala van habitats, vooral nattere, laat groeiend met een dunnere kroon en daarom geschikt voor silvo-sierlijke systemen, kan ook worden gekweekt als hakhout.";"Produktivní strom v široké škále stanovišť, zejména vlhčích, pozdní růst s tenčí korunou a proto vhodný pro lesní ozdobné systémy, může být pěstován i v nízkém lese."
DFinfo_content;"Particularly functional (non-productive) suitable for extreme habitats (dry-wet), companion tree to mature production trees.";"Particularly functional (non-productive) suitable for extreme habitats (dry-wet), companion tree to mature production trees.";"Particulièrement fonctionnel (non productif) adapté aux habitats extrêmes (sec-humide), arbre compagnon des arbres de production matures.";"Besonders funktional (nicht produktiv) geeignet für extreme Lebensräume (trocken-nass), Begleitbaum zu ausgewachsenen Produktionsbäumen.";"Particularmente funcional (no productivo) adecuado para hábitats extremos (seco-húmedo), árbol compañero de árboles de producción maduros.";"Bijzonder functioneel (niet-productief) geschikt voor extreme habitats (droog-nat), metgezelboom voor volwassen productiebomen.";"Zvláště funkční (neproduktivní) vhodný pro extrémní stanoviště (suchá-mokrá), doprovodný strom k vyzrálým produkčním stromům."
DFinfo_content;"Production and functional tree for foothill areas, but also for drier meadows, can also be grown as a coppice.";"Production and functional tree for foothill areas, but also for drier meadows, can also be grown as a coppice.";"Arbre de production et fonctionnel pour les zones de piémont, mais aussi pour les prairies plus sèches, peut également être cultivé en taillis.";"Produktiver und funktionaler Baum für die Hügelgebiete, aber auch für trockenere Wiesen, kann auch als Niederwald angebaut werden.";"Árbol de producción y funcional para las zonas de colina, pero también para prados más secos, también puede ser cultivado en taillis.";"Productie- en functionele boom voor heuvelgebieden, maar ook voor drogere weiden, kan ook worden gekweekt als hakhout.";"Produkční a funkční strom pro podhorské oblasti, ale také pro suché louky, může být pěstován i v nízkém lese."
DFinfo_content;"A productive and functional tree for wetter and more fertile land, possibly in a denser canopy (tolerates moderate shading), possibly can be grown as a coppice.";"A productive and functional tree for wetter and more fertile land, possibly in a denser canopy (tolerates moderate shading), possibly can be grown as a coppice.";"Un arbre productif et fonctionnel pour les terres plus humides et plus fertiles, éventuellement dans une couronne plus dense (tolère l'ombrage modéré), éventuellement peut être cultivé en taillis.";"Ein produktiver und funktionaler Baum für feuchtere und fruchtbarere Böden, möglicherweise in einer dichteren Krone (verträgt mäßigen Schatten), möglicherweise kann als Niederwald angebaut werden.";"Un árbol productivo y funcional para tierras más húmedas y más fértiles, posiblemente en una corona más densa (tolera sombra moderada), posiblemente puede ser cultivado en taillis.";"Een productieve en functionele boom voor nattere en vruchtbaardere grond, mogelijk in een dichtere kroon (tolereert matige schaduw), mogelijk kan worden gekweekt als hakhout.";"Produktivní a funkční strom pro vlhčí a úrodnější půdu, možná v hustší koruně (snáší střední zastínění), možná může být pěstován jako nízký les."
DFinfo_content;"Multifunctional and complementary fruit-feeding tree for drier habitats.";"Multifunctional and complementary fruit-feeding tree for drier habitats.";"Arbre multifonctionnel et complémentaire pour les habitats plus secs.";"Multifunktionaler und ergänzender Obstbaum für trockene Lebensräume.";"Árbol multifuncional y complementario para hábitats más secos.";"Multifunctionele en complementaire fruitvoedingsboom voor drogere habitats.";"Víceúčelový a doplňkový ovocný strom pro suchá stanoviště."
DFinfo_content;"Multifunctional and complementary fruit tree for drier habitats.";"Multifunctional and complementary fruit tree for drier habitats.";"Arbre fruitier multifonctionnel et complémentaire pour les habitats plus secs.";"Multifunktionaler und ergänzender Obstbaum für trockene Lebensräume.";"Árbol frutal multifuncional y complementario para hábitats más secos.";"Multifunctionele en complementaire fruitboom voor drogere habitats.";"Víceúčelový a doplňkový ovocný strom pro suchá stanoviště."
DFinfo_content;"Multifunctional and fruit-bearing slow dew-forming tree for drier habitats.";"Multifunctional and fruit-bearing slow dew-forming tree for drier habitats.";"Arbre multifonctionnel et fruitier à formation lente de rosée pour les habitats plus secs.";"Multifunktionaler und fruchttragender langsam tauender Baum für trockene Lebensräume.";"Árbol multifuncional y fructífero de formación lenta de rocío para hábitats más secos.";"Multifunctionele en vruchtdragende langzaam dauwende boom voor drogere habitats.";"Víceúčelový a plodný strom pomalu tvořící rosa pro suchá stanoviště."
DFinfo_content;"Multifunctional and complementary fruit tree (edible varieties) for various habitats up to mountain areas.";"Multifunctional and complementary fruit tree (edible varieties) for various habitats up to mountain areas.";"Arbre fruitier multifonctionnel et complémentaire (variétés comestibles) pour divers habitats jusqu'aux zones de montagne.";"Multifunktionaler und ergänzender Obstbaum (essbare Sorten) für verschiedene Lebensräume bis hin zu Berggebieten.";"Árbol frutal multifuncional y complementario (variedades comestibles) para varios hábitats hasta áreas montañosas.";"Multifunctionele en complementaire fruitboom (eetbare variëteiten) voor verschillende habitats tot berggebieden.";"Víceúčelový a doplňkový ovocný strom (jedlé odrůdy) pro různá stanoviště až po horské oblasti."
DFinfo_content;"Productive tree species in a wide range of habitats, especially in wetter and cooler (foothill) areas, with a dense crown suitable for silvopastoral systems in a thinner canopy, can also be grown in coppice.";"Productive tree species in a wide range of habitats, especially in wetter and cooler (foothill) areas, with a dense crown suitable for silvopastoral systems in a thinner canopy, can also be grown in coppice.";"Espèces d'arbres productifs dans une large gamme d'habitats, en particulier dans les zones plus humides et plus fraîches (piémont), avec une couronne dense adaptée aux systèmes sylvopastoraux dans une canopée plus mince, peut également être cultivé en taillis.";"Produktive Baumarten in einer Vielzahl von Lebensräumen, insbesondere in feuchteren und kühleren (Hügel-)Gebieten, mit einer dichten Krone, die für sylvopastorale Systeme in einer dünneren Krone geeignet ist, kann auch im Niederwald angebaut werden.";"Especies de árboles productivos en una amplia gama de hábitats, especialmente en áreas más húmedas y más frescas (colina), con una corona densa adecuada para sistemas silvopastorales en una canopea más delgada, también puede ser cultivado en taillis.";"Productieve boomsoorten in een breed scala van habitats, vooral in nattere en koelere (heuvel)gebieden, met een dichte kroon geschikt voor silvopastorale systemen in een dunnere kroon, kan ook worden gekweekt in hakhout.";"Produkční druhy stromů v široké škále stanovišť, zejména v mokřejších a chladnějších (podhorských) oblastech, s hustou korunou vhodnou pro sylvopastorální systémy v tenčí koruně, může být pěstován i v nízkém lese."
DFinfo_content;"Productive tree in a wide range of habitats, especially wetter habitats and warmer areas, with a dense crown and therefore suitable for thinner-canopy silvo-wood systems, can also be grown in coppice.";"Productive tree in a wide range of habitats, especially wetter habitats and warmer areas, with a dense crown and therefore suitable for thinner-canopy silvo-wood systems, can also be grown in coppice.";"Arbre productif dans une large gamme d'habitats, en particulier les habitats plus humides et les zones plus chaudes, avec une couronne dense et donc adapté aux systèmes sylvicoles à canopée plus mince, peut également être cultivé en taillis.";"Produktiver Baum in einer Vielzahl von Lebensräumen, insbesondere in feuchteren Lebensräumen und wärmeren Gebieten, mit einer dichten Krone und daher geeignet für dünnere Kronen-Silvoholzsysteme, kann auch im Niederwald angebaut werden.";"Árbol productivo en una amplia gama de hábitats, especialmente en hábitats más húmedos y áreas más cálidas, con una corona densa y, por lo tanto, adecuado para sistemas silvoholz más delgados, también puede ser cultivado en taillis.";"Productieve boom in een breed scala van habitats, vooral in nattere habitats en warmere gebieden, met een dichte kroon en daarom geschikt voor dunnere kroon-silvohoutsystemen, kan ook worden gekweekt in hakhout.";"Produktivní strom v široké škále stanovišť, zejména v mokřejších stanovištích a teplejších oblastech, s hustou korunou a proto vhodný pro tenčí korunové lesní dřevo systémy, může být pěstován i v nízkém lese."
DFinfo_content;"Traditional functional and aesthetic tree species with useful benefits (e.g. chestnut feeding in fields, silvopasture systems), in many ways irreplaceable in our cultural landscape, we recommend the use of resistant taxa against sprouting.";"Traditional functional and aesthetic tree species with useful benefits (e.g. chestnut feeding in fields, silvopasture systems), in many ways irreplaceable in our cultural landscape, we recommend the use of resistant taxa against sprouting.";"Espèces d'arbres traditionnels fonctionnels et esthétiques avec des avantages utiles (par exemple, l'alimentation en châtaignes dans les champs, les systèmes de sylvopastoralisme), à bien des égards irremplaçables dans notre paysage culturel, nous recommandons l'utilisation de taxons résistants contre la repousse.";"Traditionelle funktionale und ästhetische Baumarten mit nützlichen Vorteilen (z.B. Kastanienfütterung auf Feldern, Silvopastoralismus), in vielerlei Hinsicht unersetzlich in unserer Kulturlandschaft, wir empfehlen die Verwendung von resistenten Taxa gegen Austreiben.";"Especies de árboles tradicionales funcionales y estéticas con beneficios útiles (por ejemplo, alimentación de castañas en campos, sistemas de sylvopastoralismo), en muchos aspectos insustituibles en nuestro paisaje cultural, recomendamos el uso de taxones resistentes contra la brotación.";"Traditionele functionele en esthetische boomsoorten met nuttige voordelen (bijv. kastanjevoeding op velden, silvopastorale systemen), op vele manieren onvervangbaar in ons culturele landschap, wij raden het gebruik van resistente taxa tegen uitlopen aan.";"Tradiční funkční a estetické druhy stromů s užitečnými výhodami (např. krmení kaštanů na polích, systémy lesní pastviny), v mnoha ohledech nenahraditelné v naší kulturní krajině, doporučujeme použití odolných taxonů proti výhonům."
DFinfo_content;"Potentially interesting production (timber, chestnuts) and functional tree species with climate change, little proven on agricultural land.";"Potentially interesting production (timber, chestnuts) and functional tree species with climate change, little proven on agricultural land.";"Espèces d'arbres potentiellement intéressantes pour la production (bois, châtaignes) et fonctionnelles avec le changement climatique, peu prouvées sur les terres agricoles.";"Potenziell interessante Produktions- (Holz, Kastanien) und funktionale Baumarten mit dem Klimawandel, wenig auf landwirtschaftlichen Flächen bewiesen.";"Especies de árboles potencialmente interesantes para la producción (madera, castañas) y funcionales con el cambio climático, poco probadas en tierras agrícolas.";"Mogelijk interessante productie- (hout, kastanjes) en functionele boomsoorten met klimaatverandering, weinig bewezen op landbouwgrond.";"Potenciálně zajímavé produkční (dřevo, kaštany) a funkční druhy stromů s klimatickou změnou, málo prokázané na zemědělské půdě."
DFinfo_content;"Productive tree of mainly wetter habitats and less warm areas, but also tolerates slightly drier sites, with a dense crown suitable for silvopastoral systems in a thinner canopy, can also be grown as a coppice, to reduce the crown (pollarding, etc.).";"Productive tree of mainly wetter habitats and less warm areas, but also tolerates slightly drier sites, with a dense crown suitable for silvopastoral systems in a thinner canopy, can also be grown as a coppice, to reduce the crown (pollarding, etc.).";"Arbre productif principalement des habitats plus humides et des zones moins chaudes, mais tolère également les sites légèrement plus secs, avec une couronne dense adaptée aux systèmes sylvopastoraux dans une canopée plus mince, peut également être cultivé en taillis, pour réduire la couronne (têtardage, etc.).";"Produktiver Baum hauptsächlich feuchterer Lebensräume und weniger warmer Gebiete, verträgt aber auch leicht trockenere Standorte, mit einer dichten Krone, die für sylvopastorale Systeme in einer dünneren Krone geeignet ist, kann auch als Niederwald angebaut werden, um die Krone zu reduzieren (Kronenabschneiden usw.).";"Árbol productivo principalmente de hábitats más húmedos y áreas menos cálidas, pero también tolera sitios ligeramente más secos, con una corona densa adecuada para sistemas silvopastorales en una canopea más delgada, también puede ser cultivado en taillis, para reducir la corona (poda, etc.).";"Productieve boom van voornamelijk nattere habitats en minder warme gebieden, maar verdraagt ook iets drogere locaties, met een dichte kroon geschikt voor silvopastorale systemen in een dunnere kroon, kan ook worden gekweekt als hakhout, om de kroon te verkleinen (kandelaberen, enz.).";"Produktivní strom především vlhčích stanovišť a méně teplých oblastí, ale také snáší mírně suchší místa, s hustou korunou vhodnou pro sylvopastorální systémy v tenčí koruně, může být pěstován i v nízkém lese, k snížení koruny (tětivování atd.)."
DFinfo_content;"Productive tree species especially in wetter habitats and warmer areas, but can also tolerate slightly drier sites, with a dense crown suitable for thinner-canopy silvo-wood systems, can also be grown in coppice, crown reduction (pollarding etc.).";"Productive tree species especially in wetter habitats and warmer areas, but can also tolerate slightly drier sites, with a dense crown suitable for thinner-canopy silvo-wood systems, can also be grown in coppice, crown reduction (pollarding etc.).";"Espèces d'arbres productifs surtout dans les habitats plus humides et les zones plus chaudes, mais peuvent également tolérer des sites légèrement plus secs, avec une couronne dense adaptée aux systèmes sylvicoles à canopée plus mince, peuvent également être cultivées en taillis, réduction de la couronne (têtardage, etc.).";"Produktive Baumarten vor allem in feuchteren Lebensräumen und wärmeren Gebieten, können aber auch leicht trockenere Standorte tolerieren, mit einer dichten Krone, die für dünnere Kronen-Silvoholzsysteme geeignet ist, können auch im Niederwald angebaut werden, Kronenreduktion (Kronenabschneiden usw.).";"Especies de árboles productivos especialmente en hábitats más húmedos y áreas más cálidas, pero también pueden tolerar sitios ligeramente más secos, con una corona densa adecuada para sistemas silvoholz más delgados, también pueden ser cultivados en taillis, reducción de la corona (poda, etc.).";"Productieve boomsoorten vooral in nattere habitats en warmere gebieden, maar kunnen ook iets drogere locaties verdragen, met een dichte kroon geschikt voor dunnere kroon-silvohoutsystemen, kunnen ook worden gekweekt in hakhout, kroonreductie (kandelaberen enz.).";"Produkční druhy stromů zejména ve vlhčích stanovištích a teplejších oblastech, ale mohou také snášet mírně suchší místa, s hustou korunou vhodnou pro tenčí korunové lesní dřevo systémy, mohou být pěstovány i v nízkém lese, snížení koruny (tětivování atd.)."
DFinfo_content;"Rather complementary ALS fruit tree for warmer areas and drier habitats.";"Rather complementary ALS fruit tree for warmer areas and drier habitats.";"Arbre fruitier ALS plutôt complémentaire pour les régions plus chaudes et les habitats plus secs.";"Eher ergänzender Obstbaum ALS für wärmere Gebiete und trockenere Lebensräume.";"Árbol frutal ALS más bien complementario para áreas más cálidas y hábitats más secos.";"Eerder complementaire ALS fruitboom voor warmere gebieden en drogere habitats.";"Spíše doplňkový ovocný strom ALS pro teplejší oblasti a suchá stanoviště."
DFinfo_content;"Prouductive fruit tree (apricots, bee fodder, smoking wood) suitable according to variety on a wide range of sites for both silvopastoral and silvo-pastoral ALS.";"Prouductive fruit tree (apricots, bee fodder, smoking wood) suitable according to variety on a wide range of sites for both silvopastoral and silvo-pastoral ALS.";"Arbre fruitier productif (abricots, nourriture pour les abeilles, bois de fumage) adapté, selon la variété, à une large gamme de sites pour les systèmes sylvopastoraux et sylvopastoraux ALS.";"Produktiver Obstbaum (Aprikosen, Bienenfutter, Räucherholz) geeignet je nach Sorte auf einer Vielzahl von Standorten für sowohl Silvopastoralismus als auch Silvo-pastoral ALS.";"Árbol frutal productivo (albaricoques, alimento para abejas, madera para fumar) adecuado según la variedad en una amplia gama de sitios para ambos sistemas silvopastorales y silvo-pastorales ALS.";"Productieve fruitboom (abrikozen, bijenvoer, rookhout) geschikt afhankelijk van de variëteit op een breed scala van locaties voor zowel silvopastorale als silvo-pastorale ALS.";"Produktivní ovocný strom (meruňky, krmivo pro včely, kouřové dřevo) vhodný podle odrůdy na široké škále lokalit pro oba systémy lesní pastvy a lesní pastvy ALS."
DFinfo_content;"Prouductive tree (fruit, timber) suitable for warmer areas and a wide range of habitats, including drier ones - for silvopasture and silvo-plough ALS.";"Prouductive tree (fruit, timber) suitable for warmer areas and a wide range of habitats, including drier ones - for silvopasture and silvo-plough ALS.";"Arbre productif (fruit, bois) adapté aux régions plus chaudes et à une large gamme d'habitats, y compris les plus secs - pour la sylvopastoralisme et le labour sylvicole ALS.";"Produktiver Baum (Obst, Holz) geeignet für wärmere Gebiete und eine Vielzahl von Lebensräumen, einschließlich trockenerer - für Silvopastoralismus und Silvo-Pflug ALS.";"Árbol productivo (fruta, madera) adecuado para áreas más cálidas y una amplia gama de hábitats, incluidos los más secos, para sylvopastoralismo y sylvopastoralismo ALS.";"Productieve boom (fruit, hout) geschikt voor warmere gebieden en een breed scala van habitats, inclusief drogere - voor silvopasture en silvo-ploeg ALS.";"Produktivní strom (ovoce, dřevo) vhodný pro teplejší oblasti a širokou škálu stanovišť, včetně suchých - pro lesní pastvu a lesní pluhování ALS."
DFinfo_content;"Prouductive tree (fruit, wood) suitable in the Czech Republic for the warmest areas and drier habitats, e.g. vineyards - for both silvopasture and silvo-fertile ALS.";"Prouductive tree (fruit, wood) suitable in the Czech Republic for the warmest areas and drier habitats, e.g. vineyards - for both silvopasture and silvo-fertile ALS.";"Arbre productif (fruit, bois) adapté en République tchèque pour les zones les plus chaudes et les habitats les plus secs, par exemple les vignobles - pour la sylvopastoralisme et le labour sylvicole ALS.";"Produktiver Baum (Obst, Holz) geeignet in der Tschechischen Republik für die wärmsten Gebiete und trockenere Lebensräume, z.B. Weinberge - für sowohl Silvopastoralismus als auch Silvo-fruchtbar ALS.";"Árbol productivo (fruta, madera) adecuado en la República Checa para las áreas más cálidas y hábitats más secos, por ejemplo viñedos - para sylvopastoralismo y sylvofértil ALS.";"Productieve boom (fruit, hout) geschikt in Tsjechië voor de warmste gebieden en drogere habitats, bijvoorbeeld wijngaarden - voor zowel silvopasture als silvo-vruchtbare ALS.";"Produktivní strom (ovoce, dřevo) vhodný v České republice pro nejteplejší oblasti a suchá stanoviště, např. vinice - pro oba systémy lesní pastvy a lesní plodné ALS."
DFinfo_content;"d.t.o. (specific properties and uses may vary by variety/genotype).";"d.t.o. (specific properties and uses may vary by variety/genotype).";"d.t.o. (les propriétés et les utilisations spécifiques peuvent varier selon la variété/génotype).";"d.t.o. (spezifische Eigenschaften und Verwendungen können je nach Sorte/Genotyp variieren).";"d.t.o. (las propiedades y usos específicos pueden variar según la variedad/genotipo).";"d.t.o. (specifieke eigenschappen en gebruik kunnen variëren per variëteit/genotype).";"d.t.o. (specifické vlastnosti a použití se mohou lišit podle odrůdy/genotypu)."
DFinfo_content;"Multifunctional tree with wide application in ALS (silvopasture and ploughing) - valuable wood, nuts harder to process, late-succulent, relatively fast growth, can also be grown as a coppice.";"Multifunctional tree with wide application in ALS (silvopasture and ploughing) - valuable wood, nuts harder to process, late-succulent, relatively fast growth, can also be grown as a coppice.";"Arbre multifonctionnel avec une large application dans ALS (sylvopastoralisme et labour) - bois précieux, noix plus difficiles à traiter, tard-succulent, croissance relativement rapide, peut également être cultivé en taillis.";"Multifunktioneller Baum mit breiter Anwendung in ALS (Sylvopastoralismus und Pflügen) - wertvolles Holz, Nüsse schwerer zu verarbeiten, spät-sukkulent, relativ schnelles Wachstum, kann auch als Niederwald angebaut werden.";"Árbol multifuncional con amplia aplicación en ALS (sylvopastoralismo y arado) - madera valiosa, nueces más difíciles de procesar, tarde-suculento, crecimiento relativamente rápido, también puede ser cultivado en taillis.";"Multifunctionele boom met brede toepassing in ALS (sylvopastoralisme en ploegen) - waardevol hout, moeilijker te verwerken noten, laat-sappig, relatief snelle groei, kan ook worden gekweekt als hakhout.";"Víceúčelový strom s širokým použitím v ALS (sylvopastoralismus a orba) - cenné dřevo, ořechy obtížnější zpracování, pozdní šťavnaté, relativně rychlý růst, může být pěstován i v nízkém lese."
DFinfo_content;"Multifunctional tree species with wide application in ALS (silvopasture and coppice) - valuable timber, nuts, late cutting, relatively fast growth.";"Multifunctional tree species with wide application in ALS (silvopasture and coppice) - valuable timber, nuts, late cutting, relatively fast growth.";"Espèces d'arbres multifonctionnels avec une large application dans ALS (sylvopastoralisme et taillis) - bois précieux, noix, coupe tardive, croissance relativement rapide.";"Multifunktionelle Baumarten mit breiter Anwendung in ALS (Sylvopastoralismus und Niederwald) - wertvolles Holz, Nüsse, späte Ernte, relativ schnelles Wachstum.";"Especies de árboles multifuncionales con amplia aplicación en ALS (sylvopastoralismo y taillis) - madera valiosa, nueces, corte tardío, crecimiento relativamente rápido.";"Multifunctionele boomsoorten met brede toepassing in ALS (sylvopastoralisme en hakhout) - waardevol hout, noten, late oogst, relatief snelle groei.";"Víceúčelové druhy stromů s širokým použitím v ALS (sylvopastoralismus a nízký les) - cenné dřevo, ořechy, pozdní řez, relativně rychlý růst."
DFinfo_content;"Rather complementary fruit tree ALS to a wide range of habitats, aesthetic flowers and varieties with coloured leaves.";"Rather complementary fruit tree ALS to a wide range of habitats, aesthetic flowers and varieties with coloured leaves.";"Arbre fruitier ALS plutôt complémentaire pour une large gamme d'habitats, fleurs esthétiques et variétés à feuilles colorées.";"Eher ergänzender Obstbaum ALS für eine Vielzahl von Lebensräumen, ästhetische Blüten und Sorten mit farbigen Blättern.";"Árbol frutal ALS más bien complementario para una amplia gama de hábitats, flores estéticas y variedades con hojas de colores.";"Eerder complementaire fruitboom ALS voor een breed scala van habitats, esthetische bloemen en variëteiten met gekleurde bladeren.";"Spíše doplňkový ovocný strom ALS pro širokou škálu stanovišť, estetické květy a odrůdy s barevnými listy."
DFinfo_content;"Main native, productive and fast-growing forest tree for lowland areas.";"Main native, productive and fast-growing forest tree for lowland areas.";"Principal arbre forestier indigène, productif et à croissance rapide pour les zones de basse altitude.";"Haupteinheimischer, produktiver und schnellwachsender Waldbaum für Tieflandgebiete.";"Principal árbol forestal nativo, productivo y de rápido crecimiento para áreas de tierras bajas.";"Belangrijk inheems, productief en snelgroeiend bosboom voor laaglandgebieden.";"Hlavní původní, produktivní a rychle rostoucí lesní strom pro nížinné oblasti."
DFinfo_content;"Main native production and fast-growing forest tree for lowland areas, usually tolerates drier habitats, rocky, arid soils, can also be grown in coppice.";"Main native production and fast-growing forest tree for lowland areas, usually tolerates drier habitats, rocky, arid soils, can also be grown in coppice.";"Arbre forestier indigène principal, productif et à croissance rapide pour les zones de basse altitude, tolère généralement les habitats plus secs, les sols rocheux et arides, peut également être cultivé en taillis.";"Haupteinheimischer Produktions- und schnellwachsender Waldbaum für Tieflandgebiete, der in der Regel trockenere Lebensräume, felsige, trockene Böden toleriert, kann auch im Niederwald angebaut werden.";"Principal árbol forestal nativo productivo y de rápido crecimiento para áreas de tierras bajas, generalmente tolera hábitats más secos, suelos rocosos y áridos, también puede ser cultivado en taillis.";"Belangrijke inheemse productie- en snelgroeiende bosboom voor laaglandgebieden, verdraagt meestal drogere habitats, rotsachtige, droge bodems, kan ook worden gekweekt in hakhout.";"Hlavní původní produkční a rychle rostoucí lesní strom pro nížinné oblasti, obvykle snáší suchá stanoviště, skalnaté, suché půdy, může být pěstován i v nízkém lese."
DFinfo_content;"Main productive, fast-growing forest tree species for lowland and midland areas and well-watered habitats, hybrids of non-native species, usually tolerates drier habitats, can also be grown in coppice.";"Main productive, fast-growing forest tree species for lowland and midland areas and well-watered habitats, hybrids of non-native species, usually tolerates drier habitats, can also be grown in coppice.";"Principales espèces d'arbres forestiers productifs et à croissance rapide pour les zones de basse et de moyenne altitude et les habitats bien arrosés, hybrides d'espèces non indigènes, tolère généralement les habitats plus secs, peut également être cultivé en taillis.";"Hauptproduktive, schnellwachsende Waldbaumarten für Tiefland- und Mittelgebiete und gut bewässerte Lebensräume, Hybriden nicht heimischer Arten, toleriert in der Regel trockenere Lebensräume, kann auch im Niederwald angebaut werden.";"Principales especies de árboles forestales productivos y de rápido crecimiento para áreas de tierras bajas y medias y hábitats bien regados, híbridos de especies no nativas, generalmente tolera hábitats más secos, también puede ser cultivado en taillis.";"Belangrijke productieve, snelgroeiende boomsoorten voor laagland- en middelgebergtegebieden en goed bewaterde habitats, hybriden van niet-inheemse soorten, verdraagt meestal drogere habitats, kan ook worden gekweekt in hakhout.";"Hlavní produktivní, rychle rostoucí druhy lesních stromů pro nížinné a střední oblasti a dobře zavlažená stanoviště, hybridy ne-původních druhů, obvykle snáší suchá stanoviště, může být pěstován i v nízkém lese."
DFinfo_content;"A newly introduced natural or deliberate hybrid with similar characteristics and requirements as white poplar but with higher pest resistance and broader ecological requirements.";"A newly introduced natural or deliberate hybrid with similar characteristics and requirements as white poplar but with higher pest resistance and broader ecological requirements.";"Un hybride naturel ou délibéré nouvellement introduit avec des caractéristiques et des exigences similaires à celles du peuplier blanc mais avec une résistance accrue aux ravageurs et des exigences écologiques plus larges.";"Ein neu eingeführtes natürliches oder absichtliches Hybrid mit ähnlichen Eigenschaften und Anforderungen wie die Weißpappel, aber mit höherer Schädlingsresistenz und breiteren ökologischen Anforderungen.";"Un híbrido natural o deliberado recién introducido con características y requisitos similares al álamo blanco pero con mayor resistencia a las plagas y requisitos ecológicos más amplios.";"Een nieuw geïntroduceerd natuurlijk of opzettelijk hybride met vergelijkbare kenmerken en eisen als witte populier maar met hogere plaagresistentie en bredere ecologische eisen.";"Nově zavedený přírodní nebo záměrný hybrid s podobnými charakteristikami a požadavky jako bílý topol, ale s vyšší odolností proti škůdcům a širšími ekologickými požadavky."
DFinfo_content;"Main native - productive, fast-growing forest tree for middle and higher altitudes and well-watered habitats, usually tolerates very extreme habitats - cool, poor or even drier.";"Main native - productive, fast-growing forest tree for middle and higher altitudes and well-watered habitats, usually tolerates very extreme habitats - cool, poor or even drier.";"Principal indigène - arbre forestier productif et à croissance rapide pour les altitudes moyennes et supérieures et les habitats bien arrosés, tolère généralement des habitats très extrêmes - frais, pauvres ou même plus secs.";"Haupteinheimischer - produktiver, schnellwachsender Waldbaum für mittlere und höhere Lagen und gut bewässerte Lebensräume, toleriert in der Regel sehr extreme Lebensräume - kühl, arm oder sogar trockener.";"Principal nativo - árbol forestal productivo y de rápido crecimiento para altitudes medias y superiores y hábitats bien regados, generalmente tolera hábitats muy extremos - frescos, pobres o incluso más secos.";"Belangrijk inheems - productieve, snelgroeiende bosboom voor middelhoge en hogere hoogten en goed bewaterde habitats, verdraagt meestal zeer extreme habitats - koel, arm of zelfs droger.";"Hlavní původní - produktivní, rychle rostoucí lesní strom pro střední a vyšší nadmořské výšky a dobře zavlažená stanoviště, obvykle snáší velmi extrémní stanoviště - chladné, chudé nebo dokonce suché."
DFinfo_content;"Multifunctional tree species with a wide range of uses in ALS (silvopasture and cherry) - valuable timber, wild cherries (possibly graftable), bee and animal grazing, relatively fast growth on rich and moist sites (not flooded).";"Multifunctional tree species with a wide range of uses in ALS (silvopasture and cherry) - valuable timber, wild cherries (possibly graftable), bee and animal grazing, relatively fast growth on rich and moist sites (not flooded).";"Espèces d'arbres multifonctionnels avec une large gamme d'utilisations dans ALS (sylvopastoralisme et cerisier) - bois précieux, cerises sauvages (peut-être greffables), pâturage des abeilles et des animaux, croissance relativement rapide sur des sites riches et humides (non inondés).";"Multifunktioneller Baum mit einer Vielzahl von Anwendungen in ALS (Sylvopastoralismus und Kirsche) - wertvolles Holz, Wildkirschen (möglicherweise pfropfbar), Bienen- und Tierweide, relativ schnelles Wachstum auf reichen und feuchten Standorten (nicht überflutet).";"Especies de árboles multifuncionales con una amplia gama de usos en ALS (sylvopastoralismo y cereza) - madera valiosa, cerezas silvestres (posiblemente injertables), pastoreo de abejas y animales, crecimiento relativamente rápido en sitios ricos y húmedos (no inundados).";"Multifunctionele boomsoorten met een breed scala aan toepassingen in ALS (sylvopastoralisme en kers) - waardevol hout, wilde kersen (mogelijk entbaar), bijen- en dierengrazing, relatief snelle groei op rijke en vochtige locaties (niet overstroomd).";"Víceúčelový druh stromů s širokou škálou využití v ALS (sylvopastoralismus a třešeň) - cenné dřevo, divoké třešně (možná roubovatelné), pastva včel a zvířat, relativně rychlý růst na bohatých a vlhkých stanovištích (ne zaplavených)."
DFinfo_content;"Prouductive fruit tree (cherry, supplementary bee and animal grazing, smoking wood) suitable according to variety on a wide range of sites for both silvopastoral and silvo-herbaceous ALS.";"Prouductive fruit tree (cherry, supplementary bee and animal grazing, smoking wood) suitable according to variety on a wide range of sites for both silvopastoral and silvo-herbaceous ALS.";"Arbre fruitier productif (cerisier, pâturage complémentaire des abeilles et des animaux, bois de fumage) adapté, selon la variété, à une large gamme de sites pour les systèmes sylvopastoraux et sylvopastoraux herbacés ALS.";"Produktiver Obstbaum (Kirsche, zusätzliche Bienen- und Tierweide, Räucherholz) geeignet je nach Sorte auf einer Vielzahl von Standorten für sowohl Silvopastoralismus als auch Silvo-herbaceous ALS.";"Árbol frutal productivo (cereza, pastoreo complementario de abejas y animales, madera para fumar) adecuado según la variedad en una amplia gama de sitios para ambos sistemas silvopastorales y silvo-herbáceos ALS.";"Productieve fruitboom (kers, aanvullende bijen- en dierengrazing, rookhout) geschikt afhankelijk van de variëteit op een breed scala van locaties voor zowel silvopastorale als silvo-kruidachtige ALS.";"Produktivní ovocný strom (třešeň, doplňková pastva včel a zvířat, kouřové dřevo) vhodný podle odrůdy na široké škále lokalit pro oba systémy lesní pastvy a lesní bylinný ALS."
DFinfo_content;"Productive fast-growing tree for conventional (assortments) and coppice cultivation (wood chips, firewood, short pieces), bee grazing and animal feeding, pharmaceutical raw material.";"Productive fast-growing tree for conventional (assortments) and coppice cultivation (wood chips, firewood, short pieces), bee grazing and animal feeding, pharmaceutical raw material.";"Arbre productif à croissance rapide pour la culture conventionnelle (assortiments) et en taillis (copeaux de bois, bois de chauffage, morceaux courts), pâturage des abeilles et alimentation animale, matière première pharmaceutique.";"Produktiver schnellwachsender Baum für konventionellen (Sortimente) und Niederwaldanbau (Holzspäne, Brennholz, kurze Stücke), Bienenweide und Tierfütterung, pharmazeutischer Rohstoff.";"Árbol productivo de rápido crecimiento para el cultivo convencional (asortimentos) y en taillis (astillas de madera, leña, piezas cortas), pastoreo de abejas y alimentación animal, materia prima farmacéutica.";"Productieve snelgroeiende boom voor conventionele (assortimenten) en hakhoutteelt (houtsnippers, brandhout, korte stukken), bijenweide en dierenvoeding, farmaceutische grondstof.";"Produktivní rychle rostoucí strom pro konvenční (sortimenty) a nízký les (dřevěné štěpky, palivové dřevo, krátké kusy), pastva včel a krmivo pro zvířata, farmaceutický surový materiál."
DFinfo_content;"Productive fast-growing wood for coppicing (wood chips, short pieces of wood, basketry wicker), spring bee fodder.";"Productive fast-growing wood for coppicing (wood chips, short pieces of wood, basketry wicker), spring bee fodder.";"Bois productif à croissance rapide pour la culture en taillis (copeaux de bois, morceaux de bois courts, osier pour vannerie), nourriture pour les abeilles au printemps.";"Produktives schnellwachsendes Holz für die Niederwaldwirtschaft (Holzspäne, kurze Holzstücke, Flechtweiden), Frühjahrsbienenfutter.";"Madera productiva de rápido crecimiento para la taillis (astillas de madera, piezas cortas de madera, mimbre para cestería), alimento primaveral para abejas.";"Productief snelgroeiend hout voor hakhout (houtsnippers, korte stukken hout, mandenmakerswilg), voorjaarsbijenvoer.";"Produktivní rychle rostoucí dřevo pro nízký les (dřevěné štěpky, krátké kusy dřeva, košíkářská proutí), jarní krmivo pro včely."
DFinfo_content;"Supplementary production fast-growing tree species for conventional (assortments) and coppice cultivation (wood chips, firewood, short pieces of wood), animal feeding.";"Supplementary production fast-growing tree species for conventional (assortments) and coppice cultivation (wood chips, firewood, short pieces of wood), animal feeding.";"Espèces d'arbres à croissance rapide pour la production complémentaire en culture conventionnelle (assortiments) et en taillis (copeaux de bois, bois de chauffage, morceaux de bois courts), alimentation animale.";"Ergänzende schnellwachsende Baumarten für die konventionelle (Sortimente) und Niederwaldwirtschaft (Holzspäne, Brennholz, kurze Stücke), Tierfütterung.";"Especies de árboles de rápido crecimiento para la producción complementaria en cultivo convencional (asortimentos) y en taillis (astillas de madera, leña, piezas cortas de madera), alimentación animal.";"Aanvullende productie snelgroeiende boomsoorten voor conventionele (assortimenten) en hakhoutteelt (houtsnippers, brandhout, korte stukken hout), dierenvoeding.";"Doplňkové rychle rostoucí druhy stromů pro konvenční (sortimenty) a nízký les (dřevěné štěpky, palivové dřevo, krátké kusy dřeva), krmivo pro zvířata."
DFinfo_content;"Rather a complementary forest and fodder tree for ALS in wetter habitats, can be grown in coppice.";"Rather a complementary forest and fodder tree for ALS in wetter habitats, can be grown in coppice.";"Arbre forestier et fourrager plutôt complémentaire pour ALS dans les habitats plus humides, peut être cultivé en taillis.";"Eher ein ergänzender Wald- und Futterbaum für ALS in feuchteren Lebensräumen, kann im Niederwald angebaut werden.";"Árbol forestal y forrajero más bien complementario para ALS en hábitats más húmedos, puede ser cultivado en taillis.";"Eerder een complementaire bos- en veevoederboom voor ALS in nattere habitats, kan worden gekweekt in hakhout.";"Spíše doplňkový lesní a krmný strom pro ALS ve vlhčích stanovištích, může být pěstován v nízkém lese."
DFinfo_content;"Productive fast-growing tree for coppice cultivation (wood chips, short piece wood), spring bee grazing, soil decontamination from heavy metals.";"Productive fast-growing tree for coppice cultivation (wood chips, short piece wood), spring bee grazing, soil decontamination from heavy metals.";"Arbre productif à croissance rapide pour la culture en taillis (copeaux de bois, morceau de bois court), pâturage des abeilles au printemps, décontamination des sols des métaux lourds.";"Produktiver schnellwachsender Baum für die Niederwaldwirtschaft (Holzspäne, kurzes Stück Holz), Frühjahrsbienenweide, Bodensanierung von Schwermetallen.";"Árbol productivo de rápido crecimiento para la taillis (astillas de madera, pieza de madera corta), pastoreo de abejas en primavera, descontaminación del suelo de metales pesados.";"Productieve snelgroeiende boom voor hakhoutteelt (houtsnippers, kort stuk hout), voorjaarsbijenweide, bodemsanering van zware metalen.";"Produktivní rychle rostoucí strom pro nízký les (dřevěné štěpky, krátký kus dřeva), pastva včel na jaře, dekontaminace půdy od těžkých kovů."
DFinfo_content;"Functional and possibly productive tree capable of growing on a wide range of soils, classified as a fast-growing tree on favourable soils, suitable for planting on nutrient-poor, waterlogged and reclaimed soils, can also be grown in coppice, attractive wood for furniture.";"Functional and possibly productive tree capable of growing on a wide range of soils, classified as a fast-growing tree on favourable soils, suitable for planting on nutrient-poor, waterlogged and reclaimed soils, can also be grown in coppice, attractive wood for furniture.";"Arbre fonctionnel et éventuellement productif capable de pousser sur une large gamme de sols, classé comme un arbre à croissance rapide sur des sols favorables, adapté à la plantation sur des sols pauvres en nutriments, engorgés et remblayés, peut également être cultivé en taillis, bois attrayant pour les meubles.";"Funktionaler und möglicherweise produktiver Baum, der auf einer Vielzahl von Böden wachsen kann, auf günstigen Böden als schnellwachsender Baum eingestuft, geeignet für die Pflanzung auf nährstoffarmen, wassergesättigten und rekultivierten Böden, kann auch im Niederwald angebaut werden, attraktives Holz für Möbel.";"Árbol funcional y posiblemente productivo capaz de crecer en una amplia gama de suelos, clasificado como un árbol de rápido crecimiento en suelos favorables, adecuado para plantar en suelos pobres en nutrientes, encharcados y recuperados, también puede ser cultivado en taillis, madera atractiva para muebles.";"Functionele en mogelijk productieve boom die kan groeien op een breed scala van bodems, geclassificeerd als een snelgroeiende boom op gunstige bodems, geschikt voor aanplant op voedingsarme, waterverzadigde en geregenereerde bodems, kan ook worden gekweekt in hakhout, aantrekkelijk hout voor meubels.";"Funkční a možná produktivní strom schopný růst na široké škále půd, klasifikovaný jako rychle rostoucí strom na příznivých půdách, vhodný pro výsadbu na živinami chudých, zaplavovaných a rekultivovaných půdách, může být pěstován i v nízkém lese, atraktivní dřevo pro nábytek."
DFinfo_content;"Productive fruit tree (plums, bee grazing, smoking wood, production of regional spirits) suitable on a wide range of habitats for both silvopastoral (with smaller animal species - sheep, goats, etc.) and silvo-ruminant ALS, also as a complementary under higher species.";"Productive fruit tree (plums, bee grazing, smoking wood, production of regional spirits) suitable on a wide range of habitats for both silvopastoral (with smaller animal species - sheep, goats, etc.) and silvo-ruminant ALS, also as a complementary under higher species.";"Arbre fruitier productif (prunes, pâturage des abeilles, bois de fumage, production de spiritueux régionaux) adapté à une large gamme d'habitats pour les systèmes sylvopastoraux (avec des espèces animales plus petites - moutons, chèvres, etc.) et sylvoruminants ALS, également comme complémentaire sous des espèces plus élevées.";"Produktiver Obstbaum (Pflaumen, Bienenweide, Räucherholz, Herstellung regionaler Spirituosen) geeignet für eine Vielzahl von Lebensräumen für sowohl Silvopastoralismus (mit kleineren Tierarten - Schafe, Ziegen, etc.) als auch Silvo-Wiederkäuer ALS, auch als Ergänzung unter höheren Arten.";"Árbol frutal productivo (ciruelas, pastoreo de abejas, madera para fumar, producción de licores regionales) adecuado en una amplia gama de hábitats para ambos sistemas silvopastorales (con especies animales más peque ñas - ovejas, cabras, etc.) y sylvoruminantes ALS, también como complementario bajo especies más altas.";"Productieve fruitboom (pruimen, bijenweide, rookhout, productie van regionale sterke drank) geschikt voor een breed scala van habitats voor zowel silvopastorale (met kleinere diersoorten - schapen, geiten, enz.) als silvo-herkauwende ALS, ook als aanvulling onder hogere soorten.";"Produktivní ovocný strom (švestky, pastva včel, kouřové dřevo, výroba regionálních destilátů) vhodný pro širokou škálu stanovišť pro oba systémy lesní pastvy (s menšími druhy zvířat - ovce, kozy, atd.) a lesní přežvýkavce ALS, také jako doplňkový pod vyššími druhy."
DFinfo_content;"Fruit tree (almonds, spring bee grazing) and so far not widespread, according to practical experience suitable especially for drier areas and habitats of the Czech Republic for both silvopasture and silvo-ornamental ALS, due to climate change it is expected to expand its cultivation in the Czech Republic.";"Fruit tree (almonds, spring bee grazing) and so far not widespread, according to practical experience suitable especially for drier areas and habitats of the Czech Republic for both silvopasture and silvo-ornamental ALS, due to climate change it is expected to expand its cultivation in the Czech Republic.";"Arbre fruitier (amandes, pâturage des abeilles au printemps) et jusqu'à présent peu répandu, selon l'expérience pratique, adapté surtout aux zones et habitats les plus secs de la République tchèque pour les systèmes sylvopastoraux et sylvopastoraux ornementaux ALS, en raison du changement climatique, on s'attend à ce qu'il étende sa culture en République tchèque.";"Obstbaum (Mandeln, Frühjahrsbienenweide) und bisher nicht weit verbreitet, nach praktischen Erfahrungen besonders geeignet für trockenere Gebiete und Lebensräume der Tschechischen Republik für sowohl Silvopastoralismus als auch Silvo-Zier ALS, aufgrund des Klimawandels wird erwartet, dass sein Anbau in der Tschechischen Republik ausgeweitet wird.";"Árbol frutal (almendros, pastoreo de abejas en primavera) y hasta ahora no muy extendido, según la experiencia práctica, especialmente adecuado para áreas y hábitats más secos de la República Checa para ambos sistemas silvopastorales y silvo-ornamentales ALS, debido al cambio climático se espera que se expanda su cultivo en la República Checa.";"Fruitboom (amandelen, voorjaarsbijenweide) en tot nu toe niet wijdverbreid, volgens praktijkervaring vooral geschikt voor drogere gebieden en habitats van Tsjechië voor zowel silvopastorale als silvo-sier ALS, vanwege klimaatverandering wordt verwacht dat de teelt in Tsjechië zal worden uitgebreid.";"Ovocný strom (mandle, jarní pastva včel) a dosud ne příliš rozšířený, podle praktických zkušeností vhodný zejména pro suché oblasti a stanoviště České republiky pro oba systémy lesní pastvy a lesní okrasné ALS, vzhledem ke změně klimatu se očekává, že se jeho pěstování v České republice rozšíří."
DFinfo_content;"Productive fruit tree (ringlets, bee grazing, smoking wood, regional spirits production) suitable on a wide range of sites for both silvopastoral (with smaller livestock species - sheep, goats, etc.) and silvo-oil ALS, also as a complementary species under higher species.";"Productive fruit tree (ringlets, bee grazing, smoking wood, regional spirits production) suitable on a wide range of sites for both silvopastoral (with smaller livestock species - sheep, goats, etc.) and silvo-oil ALS, also as a complementary species under higher species.";"Arbre fruitier productif (anneaux, pâturage des abeilles, bois de fumage, production de spiritueux régionaux) adapté à une large gamme de sites pour les systèmes sylvopastoraux (avec des espèces de bétail plus petites - moutons, chèvres, etc.) et sylvopétroliers ALS, également comme espèce complémentaire sous des espèces plus élevées.";"Produktiver Obstbaum (Ringe, Bienenweide, Räucherholz, Herstellung regionaler Spirituosen) geeignet für eine Vielzahl von Standorten für sowohl Silvopastoralismus (mit kleineren Nutztierarten - Schafe, Ziegen, etc.) als auch Silvo-Öl ALS, auch als ergänzende Art unter höheren Arten.";"Árbol frutal productivo (anillos, pastoreo de abejas, madera para fumar, producción de licores regionales) adecuado en una amplia gama de sitios para ambos sistemas silvopastorales (con especies de ganado más pequeñas - ovejas, cabras, etc.) y sylvopetróleo ALS, también como especie complementaria bajo especies más altas.";"Productieve fruitboom (ringen, bijenweide, rookhout, productie van regionale sterke drank) geschikt voor een breed scala van locaties voor zowel silvopastorale (met kleinere veesoorten - schapen, geiten, enz.) als silvo-olie ALS, ook als aanvullende soort onder hogere soorten.";"Produktivní ovocný strom (kroužky, pastva včel, kouřové dřevo, výroba regionálních destilátů) vhodný pro širokou škálu lokalit pro oba systémy lesní pastvy (s menšími druhy hospodářských zvířat - ovce, kozy, atd.) a lesní olejové ALS, také jako doplňkový druh pod vyššími druhy."
